Domain Validation SSL,1,prolongation,399,,,1,,,true,,,false
Domain Validation SSL,1,prolongation,499,,,12,,,true,,,false
Domain Validation SSL,12,prolongation,5988,3588,,12,,,true,6,99,false
Domain Validation SSL,1,prolongation,599,,,24,,,true,,,false
Domain Validation SSL,12,prolongation,7188,4188,,24,,,true,6,99,false
Domain Validation SSL,24,prolongation,14376,11376,,24,,,true,6,99,false
Domain Validation SSL,1,prolongation,699,,,36,,,true,,,false
Domain Validation SSL,12,prolongation,8388,4788,,36,,,true,6,99,false
Domain Validation SSL,36,prolongation,25164,21564,,36,,,true,6,99,false
Domain Validation SSL,1,registration,399,,,1,,,true,,,false
Domain Validation SSL,1,registration,499,,,12,,,true,,,false
Domain Validation SSL,12,registration,5988,3588,,12,,,true,6,99,false
Domain Validation SSL,1,registration,599,,,24,,,true,,,false
Domain Validation SSL,12,registration,7188,4188,,24,,,true,6,99,false
Domain Validation SSL,24,registration,14376,11376,,24,,,true,6,99,false
Domain Validation SSL,1,registration,699,,,36,,,true,,,false
Domain Validation SSL,12,registration,8388,4788,,36,,,true,6,99,false
Domain Validation SSL,36,registration,25164,21564,,36,,,true,6,99,false
administration-fees,1,registration,200,,,1,,,true,,,true
backup-100,1,prolongation,1300,,,1,,,true,,,false
backup-100,1,prolongation,1400,,,12,,,true,,,false
backup-100,12,prolongation,16800,8994,,12,,,true,6,99,false
backup-100,1,prolongation,1500,,,24,,,true,,,false
backup-100,12,prolongation,18000,9594,,24,,,true,6,99,false
backup-100,24,prolongation,36000,27594,,24,,,true,6,99,false
backup-100,1,prolongation,1600,,,36,,,true,,,false
backup-100,12,prolongation,19200,10194,,36,,,true,6,99,false
backup-100,36,prolongation,57600,48594,,36,,,true,6,99,false
backup-100,1,registration,1300,,,1,,,true,,,false
backup-100,1,registration,1400,,,12,,,true,,,false
backup-100,12,registration,16800,8994,,12,,,true,6,99,false
backup-100,1,registration,1500,,,24,,,true,,,false
backup-100,12,registration,18000,9594,,24,,,true,6,99,false
backup-100,24,registration,36000,27594,,24,,,true,6,99,false
backup-100,1,registration,1600,,,36,,,true,,,false
backup-100,12,registration,19200,10194,,36,,,true,6,99,false
backup-100,36,registration,57600,48594,,36,,,true,6,99,false
backup-1000,1,prolongation,6800,,,1,,,true,,,false
backup-1000,1,prolongation,6900,,,12,,,true,,,false
backup-1000,12,prolongation,82800,41994,,12,,,true,6,99,false
backup-1000,1,prolongation,7000,,,24,,,true,,,false
backup-1000,12,prolongation,84000,42594,,24,,,true,6,99,false
backup-1000,24,prolongation,168000,126594,,24,,,true,6,99,false
backup-1000,1,prolongation,7100,,,36,,,true,,,false
backup-1000,12,prolongation,85200,43194,,36,,,true,6,99,false
backup-1000,36,prolongation,255600,213594,,36,,,true,6,99,false
backup-1000,1,registration,6800,,,1,,,true,,,false
backup-1000,1,registration,6900,,,12,,,true,,,false
backup-1000,12,registration,82800,41994,,12,,,true,6,99,false
backup-1000,1,registration,7000,,,24,,,true,,,false
backup-1000,12,registration,84000,42594,,24,,,true,6,99,false
backup-1000,24,registration,168000,126594,,24,,,true,6,99,false
backup-1000,1,registration,7100,,,36,,,true,,,false
backup-1000,12,registration,85200,43194,,36,,,true,6,99,false
backup-1000,36,registration,255600,213594,,36,,,true,6,99,false
backup-2000,1,prolongation,11800,,,1,,,true,,,false
backup-2000,1,prolongation,11900,,,12,,,true,,,false
backup-2000,12,prolongation,142800,71994,,12,,,true,6,99,false
backup-2000,1,prolongation,12000,,,24,,,true,,,false
backup-2000,12,prolongation,144000,72594,,24,,,true,6,99,false
backup-2000,24,prolongation,288000,216594,,24,,,true,6,99,false
backup-2000,1,prolongation,12100,,,36,,,true,,,false
backup-2000,12,prolongation,145200,73194,,36,,,true,6,99,false
backup-2000,36,prolongation,435600,363594,,36,,,true,6,99,false
backup-2000,1,registration,11800,,,1,,,true,,,false
backup-2000,1,registration,11900,,,12,,,true,,,false
backup-2000,12,registration,142800,71994,,12,,,true,6,99,false
backup-2000,1,registration,12000,,,24,,,true,,,false
backup-2000,12,registration,144000,72594,,24,,,true,6,99,false
backup-2000,24,registration,288000,216594,,24,,,true,6,99,false
backup-2000,1,registration,12100,,,36,,,true,,,false
backup-2000,12,registration,145200,73194,,36,,,true,6,99,false
backup-2000,36,registration,435600,363594,,36,,,true,6,99,false
backup-250,1,prolongation,2300,,,1,,,true,,,false
backup-250,1,prolongation,2400,,,12,,,true,,,false
backup-250,12,prolongation,28800,14994,,12,,,true,6,99,false
backup-250,1,prolongation,2500,,,24,,,true,,,false
backup-250,12,prolongation,30000,15594,,24,,,true,6,99,false
backup-250,24,prolongation,60000,45594,,24,,,true,6,99,false
backup-250,1,prolongation,2600,,,36,,,true,,,false
backup-250,12,prolongation,31200,16194,,36,,,true,6,99,false
backup-250,36,prolongation,93600,78594,,36,,,true,6,99,false
backup-250,1,registration,2300,,,1,,,true,,,false
backup-250,1,registration,2400,,,12,,,true,,,false
backup-250,12,registration,28800,14994,,12,,,true,6,99,false
backup-250,1,registration,2500,,,24,,,true,,,false
backup-250,12,registration,30000,15594,,24,,,true,6,99,false
backup-250,24,registration,60000,45594,,24,,,true,6,99,false
backup-250,1,registration,2600,,,36,,,true,,,false
backup-250,12,registration,31200,16194,,36,,,true,6,99,false
backup-250,36,registration,93600,78594,,36,,,true,6,99,false
backup-50,1,prolongation,800,,,1,,,true,,,false
backup-50,1,prolongation,900,,,12,,,true,,,false
backup-50,12,prolongation,10800,5994,,12,,,true,6,99,false
backup-50,1,prolongation,1000,,,24,,,true,,,false
backup-50,12,prolongation,12000,6594,,24,,,true,6,99,false
backup-50,24,prolongation,24000,18594,,24,,,true,6,99,false
backup-50,1,prolongation,1100,,,36,,,true,,,false
backup-50,12,prolongation,13200,7194,,36,,,true,6,99,false
backup-50,36,prolongation,39600,33594,,36,,,true,6,99,false
backup-50,1,registration,800,,,1,,,true,,,false
backup-50,1,registration,900,,,12,,,true,,,false
backup-50,12,registration,10800,5994,,12,,,true,6,99,false
backup-50,1,registration,1000,,,24,,,true,,,false
backup-50,12,registration,12000,6594,,24,,,true,6,99,false
backup-50,24,registration,24000,18594,,24,,,true,6,99,false
backup-50,1,registration,1100,,,36,,,true,,,false
backup-50,12,registration,13200,7194,,36,,,true,6,99,false
backup-50,36,registration,39600,33594,,36,,,true,6,99,false
backup-500,1,prolongation,3800,,,1,,,true,,,false
backup-500,1,prolongation,3900,,,12,,,true,,,false
backup-500,12,prolongation,46800,23994,,12,,,true,6,99,false
backup-500,1,prolongation,4000,,,24,,,true,,,false
backup-500,12,prolongation,48000,24594,,24,,,true,6,99,false
backup-500,24,prolongation,96000,72594,,24,,,true,6,99,false
backup-500,1,prolongation,4100,,,36,,,true,,,false
backup-500,12,prolongation,49200,25194,,36,,,true,6,99,false
backup-500,36,prolongation,147600,123594,,36,,,true,6,99,false
backup-500,1,registration,3800,,,1,,,true,,,false
backup-500,1,registration,3900,,,12,,,true,,,false
backup-500,12,registration,46800,23994,,12,,,true,6,99,false
backup-500,1,registration,4000,,,24,,,true,,,false
backup-500,12,registration,48000,24594,,24,,,true,6,99,false
backup-500,24,registration,96000,72594,,24,,,true,6,99,false
backup-500,1,registration,4100,,,36,,,true,,,false
backup-500,12,registration,49200,25194,,36,,,true,6,99,false
backup-500,36,registration,147600,123594,,36,,,true,6,99,false
basekit-booking-addon,1,prolongation,800,,,1,,,true,,,false
basekit-booking-addon,1,prolongation,900,,,12,,,true,,,false
basekit-booking-addon,12,prolongation,10800,5994,,12,,,true,6,99,false
basekit-booking-addon,1,prolongation,1000,,,24,,,true,,,false
basekit-booking-addon,12,prolongation,12000,6594,,24,,,true,6,99,false
basekit-booking-addon,24,prolongation,24000,18594,,24,,,true,6,99,false
basekit-booking-addon,1,prolongation,1100,,,36,,,true,,,false
basekit-booking-addon,12,prolongation,13200,7194,,36,,,true,6,99,false
basekit-booking-addon,36,prolongation,39600,33594,,36,,,true,6,99,false
basekit-booking-addon,1,registration,800,,,1,,,true,,,false
basekit-booking-addon,1,registration,900,,,12,,,true,,,false
basekit-booking-addon,12,registration,10800,5994,,12,,,true,6,99,false
basekit-booking-addon,1,registration,1000,,,24,,,true,,,false
basekit-booking-addon,12,registration,12000,6594,,24,,,true,6,99,false
basekit-booking-addon,24,registration,24000,18594,,24,,,true,6,99,false
basekit-booking-addon,1,registration,1100,,,36,,,true,,,false
basekit-booking-addon,12,registration,13200,7194,,36,,,true,6,99,false
basekit-booking-addon,36,registration,39600,33594,,36,,,true,6,99,false
basekit-shop,1,prolongation,2799,,,1,,,true,,,false
basekit-shop,1,prolongation,2899,,,12,,,true,,,false
basekit-shop,12,prolongation,34788,17988,,12,,,true,6,99,false
basekit-shop,1,prolongation,2999,,,24,,,true,,,false
basekit-shop,12,prolongation,35988,18588,,24,,,true,6,99,false
basekit-shop,24,prolongation,71976,54576,,24,,,true,6,99,false
basekit-shop,1,prolongation,3099,,,36,,,true,,,false
basekit-shop,12,prolongation,37188,19188,,36,,,true,6,99,false
basekit-shop,36,prolongation,111564,93564,,36,,,true,6,99,false
basekit-shop,1,registration,2799,,,1,,,true,,,false
basekit-shop,1,registration,2899,,,12,,,true,,,false
basekit-shop,12,registration,34788,17988,,12,,,true,6,99,false
basekit-shop,1,registration,2999,,,24,,,true,,,false
basekit-shop,12,registration,35988,18588,,24,,,true,6,99,false
basekit-shop,24,registration,71976,54576,,24,,,true,6,99,false
basekit-shop,1,registration,3099,,,36,,,true,,,false
basekit-shop,12,registration,37188,19188,,36,,,true,6,99,false
basekit-shop,36,registration,111564,93564,,36,,,true,6,99,false
caddy-redirect,1,prolongation,99,,,1,,,true,,,false
caddy-redirect,1,prolongation,99,,,12,,,true,,,false
caddy-redirect,12,prolongation,1188,,,12,,,true,,,false
caddy-redirect,1,prolongation,99,,,24,,,true,,,false
caddy-redirect,12,prolongation,1188,,,24,,,true,,,false
caddy-redirect,24,prolongation,2376,,,24,,,true,,,false
caddy-redirect,1,prolongation,99,,,36,,,true,,,false
caddy-redirect,12,prolongation,1188,,,36,,,true,,,false
caddy-redirect,36,prolongation,3564,,,36,,,true,,,false
caddy-redirect,1,registration,99,,,1,,,true,,,false
caddy-redirect,1,registration,99,,,12,,,true,,,false
caddy-redirect,12,registration,1188,,,12,,,true,,,false
caddy-redirect,1,registration,99,,,24,,,true,,,false
caddy-redirect,12,registration,1188,,,24,,,true,,,false
caddy-redirect,24,registration,2376,,,24,,,true,,,false
caddy-redirect,1,registration,99,,,36,,,true,,,false
caddy-redirect,12,registration,1188,,,36,,,true,,,false
caddy-redirect,36,registration,3564,,,36,,,true,,,false
domain_trustee_fr,12,prolongation,10000,,,12,,,true,,,false
domain_trustee_fr,12,registration,10000,,,12,,,true,,,true
extension_be,12,prolongation,3299,,,12,,,true,,,false
extension_be,24,prolongation,5298,,,24,,,true,,,false
extension_be,36,prolongation,6897,,,36,,,true,,,false
extension_be,12,registration,3299,499,,12,,,true,,,false
extension_be,24,registration,5298,998,,24,,,true,,,false
extension_be,36,registration,6897,1497,,36,,,true,,,false
extension_biz,12,prolongation,2499,,,12,,,true,,,false
extension_biz,24,prolongation,5248,,,24,,,true,,,false
extension_biz,36,prolongation,8398,,,36,,,true,,,false
extension_biz,12,registration,2499,,,12,,,true,,,false
extension_biz,24,registration,5248,,,24,,,true,,,false
extension_biz,36,registration,8398,,,36,,,true,,,false
extension_club,12,prolongation,3699,,,12,,,true,,,false
extension_club,24,prolongation,7398,,,24,,,true,,,false
extension_club,36,prolongation,11097,,,36,,,true,,,false
extension_club,12,registration,3699,,,12,,,true,,,false
extension_club,24,registration,7398,,,24,,,true,,,false
extension_club,36,registration,11097,,,36,,,true,,,false
extension_co.uk,12,prolongation,1999,,,12,,,true,,,false
extension_co.uk,12,registration,1999,,,12,,,true,,,true
extension_com,12,prolongation,3299,,,12,,,true,,,false
extension_com,24,prolongation,5298,,,24,,,true,,,false
extension_com,36,prolongation,6897,,,36,,,true,,,false
extension_com,12,registration,3299,999,,12,,,true,,,false
extension_com,24,registration,5298,1998,,24,,,true,,,false
extension_com,36,registration,6897,2997,,36,,,true,,,false
extension_de,12,prolongation,3399,,,12,,,true,,,false
extension_de,24,prolongation,5498,,,24,,,true,,,false
extension_de,36,prolongation,7197,,,36,,,true,,,false
extension_de,12,registration,3399,,,12,,,true,,,false
extension_de,24,registration,5498,,,24,,,true,,,false
extension_de,36,registration,7197,,,36,,,true,,,false
extension_dev,12,prolongation,3699,,,12,,,true,,,false
extension_dev,12,registration,3699,,,12,,,true,,,false
extension_eu,12,prolongation,3199,,,12,,,true,,,false
extension_eu,24,prolongation,5098,,,24,,,true,,,false
extension_eu,36,prolongation,6597,,,36,,,true,,,false
extension_eu,12,registration,3199,350,,12,,49,true,,,false
extension_eu,24,registration,5098,700,,24,,,true,,,false
extension_eu,36,registration,6597,1050,,36,,,true,,,false
extension_fr,12,prolongation,4199,,,12,,,true,,,false
extension_fr,24,prolongation,7298,,,24,,,true,,,false
extension_fr,36,prolongation,9597,,,36,,,true,,,false
extension_fr,12,registration,4199,,,12,,,true,,,false
extension_fr,24,registration,7298,,,24,,,true,,,false
extension_fr,36,registration,9597,,,36,,,true,,,false
extension_fun,12,prolongation,2499,,,12,,,true,,,false
extension_fun,24,prolongation,5998,,,24,,,true,,,false
extension_fun,36,prolongation,8997,,,36,,,true,,,false
extension_fun,12,registration,2499,,,12,,,true,,,false
extension_fun,24,registration,5998,,,24,,,true,,,false
extension_fun,36,registration,8997,,,36,,,true,,,false
extension_info,12,prolongation,1999,,,12,,,true,,,false
extension_info,24,prolongation,5798,,,24,,,true,,,false
extension_info,36,prolongation,7597,,,36,,,true,,,false
extension_info,12,registration,1999,,,12,,,true,,,false
extension_info,24,registration,5798,,,24,,,true,,,false
extension_info,36,registration,7597,,,36,,,true,,,false
extension_it,12,prolongation,1499,,,12,,,true,,,false
extension_it,24,prolongation,5398,,,24,,,true,,,false
extension_it,36,prolongation,8097,,,36,,,true,,,false
extension_it,12,registration,1499,,,12,,,true,,,false
extension_it,24,registration,5398,,,24,,,true,,,false
extension_it,36,registration,8097,,,36,,,true,,,false
extension_name,12,prolongation,2999,,,12,,,true,,,false
extension_name,24,prolongation,5998,,,24,,,true,,,false
extension_name,36,prolongation,8997,,,36,,,true,,,false
extension_name,12,registration,2999,,,12,,,true,,,false
extension_name,24,registration,5998,,,24,,,true,,,false
extension_name,36,registration,8997,,,36,,,true,,,false
extension_net,12,prolongation,1999,,,12,,,true,,,false
extension_net,24,prolongation,5798,,,24,,,true,,,false
extension_net,36,prolongation,7597,,,36,,,true,,,false
extension_net,12,registration,1999,,,12,,,true,,,false
extension_net,24,registration,5798,,,24,,,true,,,false
extension_net,36,registration,7597,,,36,,,true,,,false
extension_nl,1,prolongation,208,,,12,,,true,,,false
extension_nl,12,prolongation,2499,,,12,,,true,,,false
extension_nl,1,prolongation,167,,,24,,,true,,,false
extension_nl,12,prolongation,1999,,,24,,,true,,,false
extension_nl,24,prolongation,3998,,,24,,,true,,,false
extension_nl,1,prolongation,146,,,36,,,true,,,false
extension_nl,12,prolongation,1749,,,36,,,true,,,false
extension_nl,36,prolongation,5247,,,36,,,true,,,false
extension_nl,12,registration,2499,399,,12,5776,49,true,,,false
extension_nl,24,registration,3998,798,,24,,,true,,,false
extension_nl,36,registration,5247,1197,,36,,,true,,,false
extension_nu,12,prolongation,2999,,,12,,,true,,,false
extension_nu,24,prolongation,7998,,,24,,,true,,,false
extension_nu,36,prolongation,10497,,,36,,,true,,,false
extension_nu,12,registration,2999,,,12,,,true,,,false
extension_nu,24,registration,7998,,,24,,,true,,,false
extension_nu,36,registration,10497,,,36,,,true,,,false
extension_online,12,prolongation,4199,,,12,,,true,,,false
extension_online,24,prolongation,8998,,,24,,,true,,,false
extension_online,36,prolongation,11968,,,36,,,true,,,false
extension_online,12,registration,4199,,,12,,,true,,,false
extension_online,24,registration,8998,,,24,,,true,,,false
extension_online,36,registration,11968,,,36,,,true,,,false
extension_org,12,prolongation,1999,,,12,,,true,,,false
extension_org,24,prolongation,5798,,,24,,,true,,,false
extension_org,36,prolongation,7597,,,36,,,true,,,false
extension_org,12,registration,1999,,,12,,,true,,,false
extension_org,24,registration,5798,,,24,,,true,,,false
extension_org,36,registration,7597,,,36,,,true,,,false
extension_pm,12,prolongation,1999,,,12,,,true,,,false
extension_pm,24,prolongation,2898,,,24,,,true,,,false
extension_pm,36,prolongation,2997,,,36,,,true,,,false
extension_pm,12,registration,1999,,,12,,,true,,,false
extension_pm,24,registration,2898,,,24,,,true,,,false
extension_pm,36,registration,2997,,,36,,,true,,,false
extension_premium_papier_club,12,prolongation,5000,,,12,,,true,,,false
extension_premium_papier_club,12,registration,5000,,,12,,,true,,,true
extension_re,12,prolongation,6499,,,12,,,true,,,false
extension_re,24,prolongation,11998,,,24,,,true,,,false
extension_re,36,prolongation,16497,,,36,,,true,,,false
extension_re,12,registration,6499,,,12,,,true,,,false
extension_re,24,registration,11998,,,24,,,true,,,false
extension_re,36,registration,16497,,,36,,,true,,,false
extension_site,12,prolongation,3999,,,12,,,true,,,false
extension_site,24,prolongation,10398,,,24,,,true,,,false
extension_site,36,prolongation,15597,,,36,,,true,,,false
extension_site,12,registration,3999,,,12,,,true,,,false
extension_site,24,registration,10398,,,24,,,true,,,false
extension_site,36,registration,15597,,,36,,,true,,,false
extension_store,12,prolongation,7499,,,12,,,true,,,false
extension_store,24,prolongation,17398,,,24,,,true,,,false
extension_store,36,prolongation,26097,,,36,,,true,,,false
extension_store,12,registration,7499,,,12,,,true,,,false
extension_store,24,registration,17398,,,24,,,true,,,false
extension_store,36,registration,26097,,,36,,,true,,,false
extension_tech,12,prolongation,6499,,,12,,,true,,,false
extension_tech,24,prolongation,15397,,,24,,,true,,,false
extension_tech,36,prolongation,23097,,,36,,,true,,,false
extension_tech,12,registration,6499,,,12,,,true,,,false
extension_tech,24,registration,15397,,,24,,,true,,,false
extension_tech,36,registration,23097,,,36,,,true,,,false
extension_tf,12,prolongation,1299,,,12,,,true,,,false
extension_tf,24,prolongation,1998,,,24,,,true,,,false
extension_tf,36,prolongation,2697,,,36,,,true,,,false
extension_tf,12,registration,1299,,,12,,,true,,,false
extension_tf,24,registration,1998,,,24,,,true,,,false
extension_tf,36,registration,2697,,,36,,,true,,,false
extension_tv,12,prolongation,2000,,,12,,,true,,,false
extension_tv,24,prolongation,4999,,,24,,,true,,,false
extension_tv,36,prolongation,18597,,,36,,,true,,,false
extension_tv,12,registration,2000,,,12,,,true,,,false
extension_tv,24,registration,4999,,,24,,,true,,,false
extension_tv,36,registration,18597,,,36,,,true,,,false
extension_wf,12,prolongation,1299,,1,12,,,true,,,false
extension_wf,12,registration,1299,,1,12,,,true,,,false
extension_yt,12,prolongation,1499,,,12,,,true,,,false
extension_yt,24,prolongation,2398,,,24,,,true,,,false
extension_yt,36,prolongation,2997,,,36,,,true,,,false
extension_yt,12,registration,1499,,,12,,,true,,,false
extension_yt,24,registration,2398,,,24,,,true,,,false
extension_yt,36,registration,2997,,,36,,,true,,,false
extra-db,12,prolongation,10000,,,12,,,true,,,false
extra-db,12,registration,10000,,,12,,,true,,,true
extra-storage,12,prolongation,10000,,,12,,,true,,,false
extra-storage,12,registration,10000,,,12,,,true,,,true
fancy-installer,12,prolongation,10000,,,12,,,true,,,false
fancy-installer,12,registration,10000,,,12,,,true,,,true
free-dns,1,prolongation,0,,,1,,,true,,,false
free-dns,1,prolongation,0,,,12,,,true,,,false
free-dns,12,prolongation,0,,,12,,,true,,,false
free-dns,1,prolongation,0,,,24,,,true,,,false
free-dns,12,prolongation,0,,,24,,,true,,,false
free-dns,24,prolongation,0,,,24,,,true,,,false
free-dns,1,prolongation,0,,,36,,,true,,,false
free-dns,12,prolongation,0,,,36,,,true,,,false
free-dns,36,prolongation,0,,,36,,,true,,,false
free-dns,1,registration,0,,,1,,,true,,,false
free-dns,1,registration,0,,,12,,,true,,,false
free-dns,12,registration,0,,,12,,,true,,,false
free-dns,1,registration,0,,,24,,,true,,,false
free-dns,12,registration,0,,,24,,,true,,,false
free-dns,24,registration,0,,,24,,,true,,,false
free-dns,1,registration,0,,,36,,,true,,,false
free-dns,12,registration,0,,,36,,,true,,,false
free-dns,36,registration,0,,,36,,,true,,,false
free-redirect,1,prolongation,99,,,1,,,true,,,false
free-redirect,1,prolongation,99,,,12,,,true,,,false
free-redirect,12,prolongation,1188,,,12,,,true,,,false
free-redirect,1,prolongation,99,,,24,,,true,,,false
free-redirect,12,prolongation,1188,,,24,,,true,,,false
free-redirect,24,prolongation,2376,,,24,,,true,,,false
free-redirect,1,prolongation,99,,,36,,,true,,,false
free-redirect,12,prolongation,1188,,,36,,,true,,,false
free-redirect,36,prolongation,3564,,,36,,,true,,,false
free-redirect,1,registration,99,,,1,,,true,,,false
free-redirect,1,registration,99,,,12,,,true,,,false
free-redirect,12,registration,1188,,,12,,,true,,,false
free-redirect,1,registration,99,,,24,,,true,,,false
free-redirect,12,registration,1188,,,24,,,true,,,false
free-redirect,24,registration,2376,,,24,,,true,,,false
free-redirect,1,registration,99,,,36,,,true,,,false
free-redirect,12,registration,1188,,,36,,,true,,,false
free-redirect,36,registration,3564,,,36,,,true,,,false
hosting_brons,1,prolongation,199,,,1,,,true,,,false
hosting_brons,1,prolongation,299,,,12,,,true,,,false
hosting_brons,12,prolongation,3588,2388,,12,,,true,6,99,false
hosting_brons,1,prolongation,399,,,24,,,true,,,false
hosting_brons,12,prolongation,4788,2988,,24,,,true,6,99,false
hosting_brons,24,prolongation,9576,7776,,24,,,true,6,99,false
hosting_brons,1,prolongation,499,,,36,,,true,,,false
hosting_brons,12,prolongation,5988,3588,,36,,,true,6,99,false
hosting_brons,36,prolongation,17964,15564,,36,,,true,6,99,false
hosting_brons,1,registration,199,,,1,,,true,,,false
hosting_brons,1,registration,299,,,12,,,true,,,false
hosting_brons,12,registration,3588,2388,,12,,,true,6,99,false
hosting_brons,12,registration,500,,2,12,,,true,,,false
hosting_brons,1,registration,399,,,24,,,true,,,false
hosting_brons,12,registration,4788,2988,,24,,,true,6,99,false
hosting_brons,24,registration,9576,7776,,24,,,true,6,99,false
hosting_brons,1,registration,499,,,36,,,true,,,false
hosting_brons,12,registration,5988,3588,,36,,,true,6,99,false
hosting_brons,36,registration,17964,15564,,36,,,true,6,99,false
hosting_groot,1,prolongation,199,,,1,,,true,,,false
hosting_groot,1,prolongation,299,,,12,,,true,,,false
hosting_groot,12,prolongation,3588,2388,,12,,,true,6,99,false
hosting_groot,1,prolongation,399,,,24,,,true,,,false
hosting_groot,12,prolongation,4788,2988,,24,,,true,6,99,false
hosting_groot,24,prolongation,9576,7776,,24,,,true,6,99,false
hosting_groot,1,prolongation,499,,,36,,,true,,,false
hosting_groot,12,prolongation,5988,3588,,36,,,true,6,99,false
hosting_groot,36,prolongation,17964,15564,,36,,,true,6,99,false
hosting_groot,1,registration,199,,,1,,,true,,,false
hosting_groot,1,registration,299,,,12,,,true,,,false
hosting_groot,12,registration,3588,2388,,12,,,true,6,99,false
hosting_groot,1,registration,399,,,24,,,true,,,false
hosting_groot,12,registration,4788,2988,,24,,,true,6,99,false
hosting_groot,24,registration,9576,7776,,24,,,true,6,99,false
hosting_groot,1,registration,499,,,36,,,true,,,false
hosting_groot,12,registration,5988,3588,,36,,,true,6,99,false
hosting_groot,36,registration,17964,15564,,36,,,true,6,99,false
hosting_placeholder,12,prolongation,0,,,12,,,true,,,false
hosting_placeholder,12,registration,0,,,12,,,true,,,false
hosting_premium,1,prolongation,199,,,1,,,true,,,false
hosting_premium,1,prolongation,299,,,12,,,true,,,false
hosting_premium,12,prolongation,3588,2388,,12,,,true,6,99,false
hosting_premium,1,prolongation,399,,,24,,,true,,,false
hosting_premium,12,prolongation,4788,2988,,24,,,true,6,99,false
hosting_premium,24,prolongation,9576,7776,,24,,,true,6,99,false
hosting_premium,1,prolongation,499,,,36,,,true,,,false
hosting_premium,12,prolongation,5988,3588,,36,,,true,6,99,false
hosting_premium,36,prolongation,17964,15564,,36,,,true,6,99,false
hosting_premium,1,registration,199,,,1,,,true,,,false
hosting_premium,1,registration,299,,,12,,,true,,,false
hosting_premium,12,registration,3588,2388,,12,,,true,6,99,false
hosting_premium,1,registration,399,,,24,,,true,,,false
hosting_premium,12,registration,4788,2988,,24,,,true,6,99,false
hosting_premium,24,registration,9576,7776,,24,,,true,6,99,false
hosting_premium,1,registration,499,,,36,,,true,,,false
hosting_premium,12,registration,5988,3588,,36,,,true,6,99,false
hosting_premium,36,registration,17964,15564,,36,,,true,6,99,false
hosting_reseller_brons,12,prolongation,5000,,,12,,,true,,,false
hosting_reseller_brons,12,registration,5000,,,12,,,true,,,false
hosting_zilver,1,prolongation,199,,,1,,,true,,,false
hosting_zilver,1,prolongation,299,,,12,,,true,,,false
hosting_zilver,12,prolongation,3588,2388,,12,,,true,6,99,false
hosting_zilver,1,prolongation,399,,,24,,,true,,,false
hosting_zilver,12,prolongation,4788,2988,,24,,,true,6,99,false
hosting_zilver,24,prolongation,9576,7776,,24,,,true,6,99,false
hosting_zilver,1,prolongation,499,,,36,,,true,,,false
hosting_zilver,12,prolongation,5988,3588,,36,,,true,6,99,false
hosting_zilver,36,prolongation,17964,15564,,36,,,true,6,99,false
hosting_zilver,1,registration,199,,,1,,,true,,,false
hosting_zilver,1,registration,299,,,12,,,true,,,false
hosting_zilver,12,registration,3588,2388,,12,,,true,6,99,false
hosting_zilver,1,registration,399,,,24,,,true,,,false
hosting_zilver,12,registration,4788,2988,,24,,,true,6,99,false
hosting_zilver,24,registration,9576,7776,,24,,,true,6,99,false
hosting_zilver,1,registration,499,,,36,,,true,,,false
hosting_zilver,12,registration,5988,3588,,36,,,true,6,99,false
hosting_zilver,36,registration,17964,15564,,36,,,true,6,99,false
legacy-redirect,1,prolongation,99,,,1,,,true,,,false
legacy-redirect,1,prolongation,99,,,12,,,true,,,false
legacy-redirect,12,prolongation,1188,,,12,,,true,,,false
legacy-redirect,1,prolongation,99,,,24,,,true,,,false
legacy-redirect,12,prolongation,1188,,,24,,,true,,,false
legacy-redirect,24,prolongation,2376,,,24,,,true,,,false
legacy-redirect,1,prolongation,99,,,36,,,true,,,false
legacy-redirect,12,prolongation,1188,,,36,,,true,,,false
legacy-redirect,36,prolongation,3564,,,36,,,true,,,false
legacy-redirect,1,registration,99,,,1,,,true,,,false
legacy-redirect,1,registration,99,,,12,,,true,,,false
legacy-redirect,12,registration,1188,,,12,,,true,,,false
legacy-redirect,1,registration,99,,,24,,,true,,,false
legacy-redirect,12,registration,1188,,,24,,,true,,,false
legacy-redirect,24,registration,2376,,,24,,,true,,,false
legacy-redirect,1,registration,99,,,36,,,true,,,false
legacy-redirect,12,registration,1188,,,36,,,true,,,false
legacy-redirect,36,registration,3564,,,36,,,true,,,false
local-mailonly-basic,1,prolongation,799,,,1,,,true,,,false
local-mailonly-basic,1,prolongation,899,,,12,,,true,,,false
local-mailonly-basic,12,prolongation,10788,5988,,12,,,true,6,99,false
local-mailonly-basic,1,prolongation,999,,,24,,,true,,,false
local-mailonly-basic,12,prolongation,11988,6588,,24,,,true,6,99,false
local-mailonly-basic,24,prolongation,23976,18576,,24,,,true,6,99,false
local-mailonly-basic,1,prolongation,1099,,,36,,,true,,,false
local-mailonly-basic,12,prolongation,13188,7188,,36,,,true,6,99,false
local-mailonly-basic,36,prolongation,39564,33564,,36,,,true,6,99,false
local-mailonly-basic,1,registration,799,,,1,,,true,,,false
local-mailonly-basic,1,registration,899,,,12,,,true,,,false
local-mailonly-basic,12,registration,10788,5988,,12,,,true,6,99,false
local-mailonly-basic,1,registration,999,,,24,,,true,,,false
local-mailonly-basic,12,registration,11988,6588,,24,,,true,6,99,false
local-mailonly-basic,24,registration,23976,18576,,24,,,true,6,99,false
local-mailonly-basic,1,registration,1099,,,36,,,true,,,false
local-mailonly-basic,12,registration,13188,7188,,36,,,true,6,99,false
local-mailonly-basic,36,registration,39564,33564,,36,,,true,6,99,false
local-mailonly-grow,1,prolongation,1299,,,1,,,true,,,false
local-mailonly-grow,1,prolongation,1399,,,12,,,true,,,false
local-mailonly-grow,12,prolongation,16788,8988,,12,,,true,6,99,false
local-mailonly-grow,1,prolongation,1499,,,24,,,true,,,false
local-mailonly-grow,12,prolongation,17988,9588,,24,,,true,6,99,false
local-mailonly-grow,24,prolongation,35976,27576,,24,,,true,6,99,false
local-mailonly-grow,1,prolongation,1599,,,36,,,true,,,false
local-mailonly-grow,12,prolongation,19188,10188,,36,,,true,6,99,false
local-mailonly-grow,36,prolongation,57564,48564,,36,,,true,6,99,false
local-mailonly-grow,1,registration,1299,,,1,,,true,,,false
local-mailonly-grow,1,registration,1399,,,12,,,true,,,false
local-mailonly-grow,12,registration,16788,8988,,12,,,true,6,99,false
local-mailonly-grow,1,registration,1499,,,24,,,true,,,false
local-mailonly-grow,12,registration,17988,9588,,24,,,true,6,99,false
local-mailonly-grow,24,registration,35976,27576,,24,,,true,6,99,false
local-mailonly-grow,1,registration,1599,,,36,,,true,,,false
local-mailonly-grow,12,registration,19188,10188,,36,,,true,6,99,false
local-mailonly-grow,36,registration,57564,48564,,36,,,true,6,99,false
local-mailonly-plus,1,prolongation,2299,,,1,,,true,,,false
local-mailonly-plus,1,prolongation,2399,,,12,,,true,,,false
local-mailonly-plus,12,prolongation,28788,14988,,12,,,true,6,99,false
local-mailonly-plus,1,prolongation,2499,,,24,,,true,,,false
local-mailonly-plus,12,prolongation,29988,15588,,24,,,true,6,99,false
local-mailonly-plus,24,prolongation,59976,45576,,24,,,true,6,99,false
local-mailonly-plus,1,prolongation,2599,,,36,,,true,,,false
local-mailonly-plus,12,prolongation,31188,16188,,36,,,true,6,99,false
local-mailonly-plus,36,prolongation,93564,78564,,36,,,true,6,99,false
local-mailonly-plus,1,registration,2299,,,1,,,true,,,false
local-mailonly-plus,1,registration,2399,,,12,,,true,,,false
local-mailonly-plus,12,registration,28788,14988,,12,,,true,6,99,false
local-mailonly-plus,1,registration,2499,,,24,,,true,,,false
local-mailonly-plus,12,registration,29988,15588,,24,,,true,6,99,false
local-mailonly-plus,24,registration,59976,45576,,24,,,true,6,99,false
local-mailonly-plus,1,registration,2599,,,36,,,true,,,false
local-mailonly-plus,12,registration,31188,16188,,36,,,true,6,99,false
local-mailonly-plus,36,registration,93564,78564,,36,,,true,6,99,false
local-mailonly-start,1,prolongation,1799,,,1,,,true,,,false
local-mailonly-start,1,prolongation,1899,,,12,,,true,,,false
local-mailonly-start,12,prolongation,22788,11988,,12,,,true,6,99,false
local-mailonly-start,1,prolongation,1999,,,24,,,true,,,false
local-mailonly-start,12,prolongation,23988,12588,,24,,,true,6,99,false
local-mailonly-start,24,prolongation,47976,36576,,24,,,true,6,99,false
local-mailonly-start,1,prolongation,2099,,,36,,,true,,,false
local-mailonly-start,12,prolongation,25188,13188,,36,,,true,6,99,false
local-mailonly-start,36,prolongation,75564,63564,,36,,,true,6,99,false
local-mailonly-start,1,registration,1799,,,1,,,true,,,false
local-mailonly-start,1,registration,1899,,,12,,,true,,,false
local-mailonly-start,12,registration,22788,11988,,12,,,true,6,99,false
local-mailonly-start,1,registration,1999,,,24,,,true,,,false
local-mailonly-start,12,registration,23988,12588,,24,,,true,6,99,false
local-mailonly-start,24,registration,47976,36576,,24,,,true,6,99,false
local-mailonly-start,1,registration,2099,,,36,,,true,,,false
local-mailonly-start,12,registration,25188,13188,,36,,,true,6,99,false
local-mailonly-start,36,registration,75564,63564,,36,,,true,6,99,false
local-web-basic,1,prolongation,1299,,,1,,,true,,,false
local-web-basic,1,prolongation,1399,,,12,,,true,,,false
local-web-basic,12,prolongation,16788,8988,,12,,,true,6,99,false
local-web-basic,1,prolongation,1499,,,24,,,true,,,false
local-web-basic,12,prolongation,17988,9588,,24,,,true,6,99,false
local-web-basic,24,prolongation,35976,27576,,24,,,true,6,99,false
local-web-basic,1,prolongation,1599,,,36,,,true,,,false
local-web-basic,12,prolongation,19188,10188,,36,,,true,6,99,false
local-web-basic,36,prolongation,57564,48564,,36,,,true,6,99,false
local-web-basic,1,registration,1299,,,1,,,true,,,false
local-web-basic,1,registration,1399,,,12,,,true,,,false
local-web-basic,12,registration,16788,8988,,12,,,true,6,99,false
local-web-basic,1,registration,1499,,,24,,,true,,,false
local-web-basic,12,registration,17988,9588,,24,,,true,6,99,false
local-web-basic,24,registration,35976,27576,,24,,,true,6,99,false
local-web-basic,1,registration,1599,,,36,,,true,,,false
local-web-basic,12,registration,19188,10188,,36,,,true,6,99,false
local-web-basic,36,registration,57564,48564,,36,,,true,6,99,false
local-web-basic-wp,1,prolongation,1299,,,1,,,true,,,false
local-web-basic-wp,1,prolongation,1399,,,12,,,true,,,false
local-web-basic-wp,12,prolongation,16788,8988,,12,,,true,6,99,false
local-web-basic-wp,1,prolongation,1499,,,24,,,true,,,false
local-web-basic-wp,12,prolongation,17988,9588,,24,,,true,6,99,false
local-web-basic-wp,24,prolongation,35976,27576,,24,,,true,6,99,false
local-web-basic-wp,1,prolongation,1599,,,36,,,true,,,false
local-web-basic-wp,12,prolongation,19188,10188,,36,,,true,6,99,false
local-web-basic-wp,36,prolongation,57564,48564,,36,,,true,6,99,false
local-web-basic-wp,1,registration,1299,,,1,,,true,,,false
local-web-basic-wp,1,registration,1399,,,12,,,true,,,false
local-web-basic-wp,12,registration,16788,8988,,12,,,true,6,99,false
local-web-basic-wp,1,registration,1499,,,24,,,true,,,false
local-web-basic-wp,12,registration,17988,9588,,24,,,true,6,99,false
local-web-basic-wp,24,registration,35976,27576,,24,,,true,6,99,false
local-web-basic-wp,1,registration,1599,,,36,,,true,,,false
local-web-basic-wp,12,registration,19188,10188,,36,,,true,6,99,false
local-web-basic-wp,36,registration,57564,48564,,36,,,true,6,99,false
local-web-grow,1,prolongation,1799,,,1,,,true,,,false
local-web-grow,1,prolongation,1899,,,12,,,true,,,false
local-web-grow,12,prolongation,22788,11988,,12,,,true,6,99,false
local-web-grow,1,prolongation,1999,,,24,,,true,,,false
local-web-grow,12,prolongation,23988,12588,,24,,,true,6,99,false
local-web-grow,24,prolongation,47976,36576,,24,,,true,6,99,false
local-web-grow,1,prolongation,2099,,,36,,,true,,,false
local-web-grow,12,prolongation,25188,13188,,36,,,true,6,99,false
local-web-grow,36,prolongation,75564,63564,,36,,,true,6,99,false
local-web-grow,1,registration,1799,,,1,,,true,,,false
local-web-grow,1,registration,1899,,,12,,,true,,,false
local-web-grow,12,registration,22788,11988,,12,,,true,6,99,false
local-web-grow,1,registration,1999,,,24,,,true,,,false
local-web-grow,12,registration,23988,12588,,24,,,true,6,99,false
local-web-grow,24,registration,47976,36576,,24,,,true,6,99,false
local-web-grow,1,registration,2099,,,36,,,true,,,false
local-web-grow,12,registration,25188,13188,,36,,,true,6,99,false
local-web-grow,36,registration,75564,63564,,36,,,true,6,99,false
local-web-grow-wp,1,prolongation,1799,,,1,,,true,,,false
local-web-grow-wp,1,prolongation,1899,,,12,,,true,,,false
local-web-grow-wp,12,prolongation,22788,11988,,12,,,true,6,99,false
local-web-grow-wp,1,prolongation,1999,,,24,,,true,,,false
local-web-grow-wp,12,prolongation,23988,12588,,24,,,true,6,99,false
local-web-grow-wp,24,prolongation,47976,36576,,24,,,true,6,99,false
local-web-grow-wp,1,prolongation,2099,,,36,,,true,,,false
local-web-grow-wp,12,prolongation,25188,13188,,36,,,true,6,99,false
local-web-grow-wp,36,prolongation,75564,63564,,36,,,true,6,99,false
local-web-grow-wp,1,registration,1799,,,1,,,true,,,false
local-web-grow-wp,1,registration,1899,,,12,,,true,,,false
local-web-grow-wp,12,registration,22788,11988,,12,,,true,6,99,false
local-web-grow-wp,1,registration,1999,,,24,,,true,,,false
local-web-grow-wp,12,registration,23988,12588,,24,,,true,6,99,false
local-web-grow-wp,24,registration,47976,36576,,24,,,true,6,99,false
local-web-grow-wp,1,registration,2099,,,36,,,true,,,false
local-web-grow-wp,12,registration,25188,13188,,36,,,true,6,99,false
local-web-grow-wp,36,registration,75564,63564,,36,,,true,6,99,false
local-web-mini,1,prolongation,299,,,1,,,true,,,false
local-web-mini,1,prolongation,399,,,12,,,true,,,false
local-web-mini,12,prolongation,4788,2988,,12,,,true,6,99,false
local-web-mini,1,prolongation,499,,,24,,,true,,,false
local-web-mini,12,prolongation,5988,3588,,24,,,true,6,99,false
local-web-mini,24,prolongation,11976,9576,,24,,,true,6,99,false
local-web-mini,1,prolongation,599,,,36,,,true,,,false
local-web-mini,12,prolongation,7188,4188,,36,,,true,6,99,false
local-web-mini,36,prolongation,21564,18564,,36,,,true,6,99,false
local-web-mini,1,registration,299,,,1,,,true,,,false
local-web-mini,1,registration,399,,,12,,,true,,,false
local-web-mini,12,registration,4788,2988,,12,,,true,6,99,false
local-web-mini,1,registration,499,,,24,,,true,,,false
local-web-mini,12,registration,5988,3588,,24,,,true,6,99,false
local-web-mini,24,registration,11976,9576,,24,,,true,6,99,false
local-web-mini,1,registration,599,,,36,,,true,,,false
local-web-mini,12,registration,7188,4188,,36,,,true,6,99,false
local-web-mini,36,registration,21564,18564,,36,,,true,6,99,false
local-web-plus,1,prolongation,2799,,,1,,,true,,,false
local-web-plus,1,prolongation,2899,,,12,,,true,,,false
local-web-plus,12,prolongation,34788,17988,,12,,,true,6,99,false
local-web-plus,1,prolongation,2999,,,24,,,true,,,false
local-web-plus,12,prolongation,35988,18588,,24,,,true,6,99,false
local-web-plus,24,prolongation,71976,54576,,24,,,true,6,99,false
local-web-plus,1,prolongation,3099,,,36,,,true,,,false
local-web-plus,12,prolongation,37188,19188,,36,,,true,6,99,false
local-web-plus,36,prolongation,111564,93564,,36,,,true,6,99,false
local-web-plus,1,registration,2799,,,1,,,true,,,false
local-web-plus,1,registration,2899,,,12,,,true,,,false
local-web-plus,12,registration,34788,17988,,12,,,true,6,99,false
local-web-plus,1,registration,2999,,,24,,,true,,,false
local-web-plus,12,registration,35988,18588,,24,,,true,6,99,false
local-web-plus,24,registration,71976,54576,,24,,,true,6,99,false
local-web-plus,1,registration,3099,,,36,,,true,,,false
local-web-plus,12,registration,37188,19188,,36,,,true,6,99,false
local-web-plus,36,registration,111564,93564,,36,,,true,6,99,false
local-web-plus-wp,1,prolongation,2799,,,1,,,true,,,false
local-web-plus-wp,1,prolongation,2899,,,12,,,true,,,false
local-web-plus-wp,12,prolongation,34788,17988,,12,,,true,6,99,false
local-web-plus-wp,1,prolongation,2999,,,24,,,true,,,false
local-web-plus-wp,12,prolongation,35988,18588,,24,,,true,6,99,false
local-web-plus-wp,24,prolongation,71976,54576,,24,,,true,6,99,false
local-web-plus-wp,1,prolongation,3099,,,36,,,true,,,false
local-web-plus-wp,12,prolongation,37188,19188,,36,,,true,6,99,false
local-web-plus-wp,36,prolongation,111564,93564,,36,,,true,6,99,false
local-web-plus-wp,1,registration,2799,,,1,,,true,,,false
local-web-plus-wp,1,registration,2899,,,12,,,true,,,false
local-web-plus-wp,12,registration,34788,17988,,12,,,true,6,99,false
local-web-plus-wp,1,registration,2999,,,24,,,true,,,false
local-web-plus-wp,12,registration,35988,18588,,24,,,true,6,99,false
local-web-plus-wp,24,registration,71976,54576,,24,,,true,6,99,false
local-web-plus-wp,1,registration,3099,,,36,,,true,,,false
local-web-plus-wp,12,registration,37188,19188,,36,,,true,6,99,false
local-web-plus-wp,36,registration,111564,93564,,36,,,true,6,99,false
local-web-start,1,prolongation,2299,,,1,,,true,,,false
local-web-start,1,prolongation,2399,,,12,,,true,,,false
local-web-start,12,prolongation,28788,14988,,12,,,true,6,99,false
local-web-start,1,prolongation,2499,,,24,,,true,,,false
local-web-start,12,prolongation,29988,15588,,24,,,true,6,99,false
local-web-start,24,prolongation,59976,45576,,24,,,true,6,99,false
local-web-start,1,prolongation,2599,,,36,,,true,,,false
local-web-start,12,prolongation,31188,16188,,36,,,true,6,99,false
local-web-start,36,prolongation,93564,78564,,36,,,true,6,99,false
local-web-start,1,registration,2299,,,1,,,true,,,false
local-web-start,1,registration,2399,,,12,,,true,,,false
local-web-start,12,registration,28788,14988,,12,,,true,6,99,false
local-web-start,1,registration,2499,,,24,,,true,,,false
local-web-start,12,registration,29988,15588,,24,,,true,6,99,false
local-web-start,24,registration,59976,45576,,24,,,true,6,99,false
local-web-start,1,registration,2599,,,36,,,true,,,false
local-web-start,12,registration,31188,16188,,36,,,true,6,99,false
local-web-start,36,registration,93564,78564,,36,,,true,6,99,false
local-web-start-wp,1,prolongation,2299,,,1,,,true,,,false
local-web-start-wp,1,prolongation,2399,,,12,,,true,,,false
local-web-start-wp,12,prolongation,28788,14988,,12,,,true,6,99,false
local-web-start-wp,1,prolongation,2499,,,24,,,true,,,false
local-web-start-wp,12,prolongation,29988,15588,,24,,,true,6,99,false
local-web-start-wp,24,prolongation,59976,45576,,24,,,true,6,99,false
local-web-start-wp,1,prolongation,2599,,,36,,,true,,,false
local-web-start-wp,12,prolongation,31188,16188,,36,,,true,6,99,false
local-web-start-wp,36,prolongation,93564,78564,,36,,,true,6,99,false
local-web-start-wp,1,registration,2299,,,1,,,true,,,false
local-web-start-wp,1,registration,2399,,,12,,,true,,,false
local-web-start-wp,12,registration,28788,14988,,12,,,true,6,99,false
local-web-start-wp,1,registration,2499,,,24,,,true,,,false
local-web-start-wp,12,registration,29988,15588,,24,,,true,6,99,false
local-web-start-wp,24,registration,59976,45576,,24,,,true,6,99,false
local-web-start-wp,1,registration,2599,,,36,,,true,,,false
local-web-start-wp,12,registration,31188,16188,,36,,,true,6,99,false
local-web-start-wp,36,registration,93564,78564,,36,,,true,6,99,false
local-webonly-basic,1,prolongation,799,,,1,,,true,,,false
local-webonly-basic,1,prolongation,899,,,12,,,true,,,false
local-webonly-basic,12,prolongation,10788,5988,,12,,,true,6,99,false
local-webonly-basic,1,prolongation,999,,,24,,,true,,,false
local-webonly-basic,12,prolongation,11988,6588,,24,,,true,6,99,false
local-webonly-basic,24,prolongation,23976,18576,,24,,,true,6,99,false
local-webonly-basic,1,prolongation,1099,,,36,,,true,,,false
local-webonly-basic,12,prolongation,13188,7188,,36,,,true,6,99,false
local-webonly-basic,36,prolongation,39564,33564,,36,,,true,6,99,false
local-webonly-basic,1,registration,799,,,1,,,true,,,false
local-webonly-basic,1,registration,899,,,12,,,true,,,false
local-webonly-basic,12,registration,10788,5988,,12,,,true,6,99,false
local-webonly-basic,1,registration,999,,,24,,,true,,,false
local-webonly-basic,12,registration,11988,6588,,24,,,true,6,99,false
local-webonly-basic,24,registration,23976,18576,,24,,,true,6,99,false
local-webonly-basic,1,registration,1099,,,36,,,true,,,false
local-webonly-basic,12,registration,13188,7188,,36,,,true,6,99,false
local-webonly-basic,36,registration,39564,33564,,36,,,true,6,99,false
local-webonly-basic-wp,1,prolongation,799,,,1,,,true,,,false
local-webonly-basic-wp,1,prolongation,899,,,12,,,true,,,false
local-webonly-basic-wp,12,prolongation,10788,5988,,12,,,true,6,99,false
local-webonly-basic-wp,1,prolongation,999,,,24,,,true,,,false
local-webonly-basic-wp,12,prolongation,11988,6588,,24,,,true,6,99,false
local-webonly-basic-wp,24,prolongation,23976,18576,,24,,,true,6,99,false
local-webonly-basic-wp,1,prolongation,1099,,,36,,,true,,,false
local-webonly-basic-wp,12,prolongation,13188,7188,,36,,,true,6,99,false
local-webonly-basic-wp,36,prolongation,39564,33564,,36,,,true,6,99,false
local-webonly-basic-wp,1,registration,799,,,1,,,true,,,false
local-webonly-basic-wp,1,registration,899,,,12,,,true,,,false
local-webonly-basic-wp,12,registration,10788,5988,,12,,,true,6,99,false
local-webonly-basic-wp,1,registration,999,,,24,,,true,,,false
local-webonly-basic-wp,12,registration,11988,6588,,24,,,true,6,99,false
local-webonly-basic-wp,24,registration,23976,18576,,24,,,true,6,99,false
local-webonly-basic-wp,1,registration,1099,,,36,,,true,,,false
local-webonly-basic-wp,12,registration,13188,7188,,36,,,true,6,99,false
local-webonly-basic-wp,36,registration,39564,33564,,36,,,true,6,99,false
local-webonly-grow,1,prolongation,1299,,,1,,,true,,,false
local-webonly-grow,1,prolongation,1399,,,12,,,true,,,false
local-webonly-grow,12,prolongation,16788,8988,,12,,,true,6,99,false
local-webonly-grow,1,prolongation,1499,,,24,,,true,,,false
local-webonly-grow,12,prolongation,17988,9588,,24,,,true,6,99,false
local-webonly-grow,24,prolongation,35976,27576,,24,,,true,6,99,false
local-webonly-grow,1,prolongation,1599,,,36,,,true,,,false
local-webonly-grow,12,prolongation,19188,10188,,36,,,true,6,99,false
local-webonly-grow,36,prolongation,57564,48564,,36,,,true,6,99,false
local-webonly-grow,1,registration,1299,,,1,,,true,,,false
local-webonly-grow,1,registration,1399,,,12,,,true,,,false
local-webonly-grow,12,registration,16788,8988,,12,,,true,6,99,false
local-webonly-grow,1,registration,1499,,,24,,,true,,,false
local-webonly-grow,12,registration,17988,9588,,24,,,true,6,99,false
local-webonly-grow,24,registration,35976,27576,,24,,,true,6,99,false
local-webonly-grow,1,registration,1599,,,36,,,true,,,false
local-webonly-grow,12,registration,19188,10188,,36,,,true,6,99,false
local-webonly-grow,36,registration,57564,48564,,36,,,true,6,99,false
local-webonly-grow-wp,1,prolongation,1299,,,1,,,true,,,false
local-webonly-grow-wp,1,prolongation,1399,,,12,,,true,,,false
local-webonly-grow-wp,12,prolongation,16788,8988,,12,,,true,6,99,false
local-webonly-grow-wp,1,prolongation,1499,,,24,,,true,,,false
local-webonly-grow-wp,12,prolongation,17988,9588,,24,,,true,6,99,false
local-webonly-grow-wp,24,prolongation,35976,27576,,24,,,true,6,99,false
local-webonly-grow-wp,1,prolongation,1599,,,36,,,true,,,false
local-webonly-grow-wp,12,prolongation,19188,10188,,36,,,true,6,99,false
local-webonly-grow-wp,36,prolongation,57564,48564,,36,,,true,6,99,false
local-webonly-grow-wp,1,registration,1299,,,1,,,true,,,false
local-webonly-grow-wp,1,registration,1399,,,12,,,true,,,false
local-webonly-grow-wp,12,registration,16788,8988,,12,,,true,6,99,false
local-webonly-grow-wp,1,registration,1499,,,24,,,true,,,false
local-webonly-grow-wp,12,registration,17988,9588,,24,,,true,6,99,false
local-webonly-grow-wp,24,registration,35976,27576,,24,,,true,6,99,false
local-webonly-grow-wp,1,registration,1599,,,36,,,true,,,false
local-webonly-grow-wp,12,registration,19188,10188,,36,,,true,6,99,false
local-webonly-grow-wp,36,registration,57564,48564,,36,,,true,6,99,false
local-webonly-plus,1,prolongation,2299,,,1,,,true,,,false
local-webonly-plus,1,prolongation,2399,,,12,,,true,,,false
local-webonly-plus,12,prolongation,28788,14988,,12,,,true,6,99,false
local-webonly-plus,1,prolongation,2499,,,24,,,true,,,false
local-webonly-plus,12,prolongation,29988,15588,,24,,,true,6,99,false
local-webonly-plus,24,prolongation,59976,45576,,24,,,true,6,99,false
local-webonly-plus,1,prolongation,2599,,,36,,,true,,,false
local-webonly-plus,12,prolongation,31188,16188,,36,,,true,6,99,false
local-webonly-plus,36,prolongation,93564,78564,,36,,,true,6,99,false
local-webonly-plus,1,registration,2299,,,1,,,true,,,false
local-webonly-plus,1,registration,2399,,,12,,,true,,,false
local-webonly-plus,12,registration,28788,14988,,12,,,true,6,99,false
local-webonly-plus,1,registration,2499,,,24,,,true,,,false
local-webonly-plus,12,registration,29988,15588,,24,,,true,6,99,false
local-webonly-plus,24,registration,59976,45576,,24,,,true,6,99,false
local-webonly-plus,1,registration,2599,,,36,,,true,,,false
local-webonly-plus,12,registration,31188,16188,,36,,,true,6,99,false
local-webonly-plus,36,registration,93564,78564,,36,,,true,6,99,false
local-webonly-plus-wp,1,prolongation,2299,,,1,,,true,,,false
local-webonly-plus-wp,1,prolongation,2399,,,12,,,true,,,false
local-webonly-plus-wp,12,prolongation,28788,14988,,12,,,true,6,99,false
local-webonly-plus-wp,1,prolongation,2499,,,24,,,true,,,false
local-webonly-plus-wp,12,prolongation,29988,15588,,24,,,true,6,99,false
local-webonly-plus-wp,24,prolongation,59976,45576,,24,,,true,6,99,false
local-webonly-plus-wp,1,prolongation,2599,,,36,,,true,,,false
local-webonly-plus-wp,12,prolongation,31188,16188,,36,,,true,6,99,false
local-webonly-plus-wp,36,prolongation,93564,78564,,36,,,true,6,99,false
local-webonly-plus-wp,1,registration,2299,,,1,,,true,,,false
local-webonly-plus-wp,1,registration,2399,,,12,,,true,,,false
local-webonly-plus-wp,12,registration,28788,14988,,12,,,true,6,99,false
local-webonly-plus-wp,1,registration,2499,,,24,,,true,,,false
local-webonly-plus-wp,12,registration,29988,15588,,24,,,true,6,99,false
local-webonly-plus-wp,24,registration,59976,45576,,24,,,true,6,99,false
local-webonly-plus-wp,1,registration,2599,,,36,,,true,,,false
local-webonly-plus-wp,12,registration,31188,16188,,36,,,true,6,99,false
local-webonly-plus-wp,36,registration,93564,78564,,36,,,true,6,99,false
local-webonly-start,1,prolongation,1799,,,1,,,true,,,false
local-webonly-start,1,prolongation,1899,,,12,,,true,,,false
local-webonly-start,12,prolongation,22788,11988,,12,,,true,6,99,false
local-webonly-start,1,prolongation,1999,,,24,,,true,,,false
local-webonly-start,12,prolongation,23988,12588,,24,,,true,6,99,false
local-webonly-start,24,prolongation,47976,36576,,24,,,true,6,99,false
local-webonly-start,1,prolongation,2099,,,36,,,true,,,false
local-webonly-start,12,prolongation,25188,13188,,36,,,true,6,99,false
local-webonly-start,36,prolongation,75564,63564,,36,,,true,6,99,false
local-webonly-start,1,registration,1799,,,1,,,true,,,false
local-webonly-start,1,registration,1899,,,12,,,true,,,false
local-webonly-start,12,registration,22788,11988,,12,,,true,6,99,false
local-webonly-start,1,registration,1999,,,24,,,true,,,false
local-webonly-start,12,registration,23988,12588,,24,,,true,6,99,false
local-webonly-start,24,registration,47976,36576,,24,,,true,6,99,false
local-webonly-start,1,registration,2099,,,36,,,true,,,false
local-webonly-start,12,registration,25188,13188,,36,,,true,6,99,false
local-webonly-start,36,registration,75564,63564,,36,,,true,6,99,false
local-webonly-start-wp,1,prolongation,1799,,,1,,,true,,,false
local-webonly-start-wp,1,prolongation,1899,,,12,,,true,,,false
local-webonly-start-wp,12,prolongation,22788,11988,,12,,,true,6,99,false
local-webonly-start-wp,1,prolongation,1999,,,24,,,true,,,false
local-webonly-start-wp,12,prolongation,23988,12588,,24,,,true,6,99,false
local-webonly-start-wp,24,prolongation,47976,36576,,24,,,true,6,99,false
local-webonly-start-wp,1,prolongation,2099,,,36,,,true,,,false
local-webonly-start-wp,12,prolongation,25188,13188,,36,,,true,6,99,false
local-webonly-start-wp,36,prolongation,75564,63564,,36,,,true,6,99,false
local-webonly-start-wp,1,registration,1799,,,1,,,true,,,false
local-webonly-start-wp,1,registration,1899,,,12,,,true,,,false
local-webonly-start-wp,12,registration,22788,11988,,12,,,true,6,99,false
local-webonly-start-wp,1,registration,1999,,,24,,,true,,,false
local-webonly-start-wp,12,registration,23988,12588,,24,,,true,6,99,false
local-webonly-start-wp,24,registration,47976,36576,,24,,,true,6,99,false
local-webonly-start-wp,1,registration,2099,,,36,,,true,,,false
local-webonly-start-wp,12,registration,25188,13188,,36,,,true,6,99,false
local-webonly-start-wp,36,registration,75564,63564,,36,,,true,6,99,false
logo_design_service,1,prolongation,1000,,,1,,,true,,,false
logo_design_service,1,prolongation,899,,,12,,,true,,,false
logo_design_service,12,prolongation,10788,5988,,12,,,true,6,99,false
logo_design_service,1,prolongation,999,,,24,,,true,,,false
logo_design_service,12,prolongation,11988,6588,,24,,,true,6,99,false
logo_design_service,24,prolongation,23976,18576,,24,,,true,6,99,false
logo_design_service,1,prolongation,1099,,,36,,,true,,,false
logo_design_service,12,prolongation,13188,7188,,36,,,true,6,99,false
logo_design_service,36,prolongation,39564,33564,,36,,,true,6,99,false
logo_design_service,1,registration,1000,,,1,,,true,,,false
logo_design_service,1,registration,899,,,12,,,true,,,false
logo_design_service,12,registration,10788,5988,,12,,,true,6,99,false
logo_design_service,1,registration,999,,,24,,,true,,,false
logo_design_service,12,registration,11988,6588,,24,,,true,6,99,false
logo_design_service,24,registration,23976,18576,,24,,,true,6,99,false
logo_design_service,1,registration,1099,,,36,,,true,,,false
logo_design_service,12,registration,13188,7188,,36,,,true,6,99,false
logo_design_service,36,registration,39564,33564,,36,,,true,6,99,false
mail_only,1,prolongation,1099,,,1,,,true,,,false
mail_only,1,prolongation,1199,,,12,,,true,,,false
mail_only,12,prolongation,14388,7788,,12,,,true,6,99,false
mail_only,1,prolongation,1299,,,24,,,true,,,false
mail_only,12,prolongation,15588,8388,,24,,,true,6,99,false
mail_only,24,prolongation,31176,23976,,24,,,true,6,99,false
mail_only,1,prolongation,1399,,,36,,,true,,,false
mail_only,12,prolongation,16788,8988,,36,,,true,6,99,false
mail_only,36,prolongation,50364,42564,,36,,,true,6,99,false
mail_only,1,registration,1099,,,1,,,true,,,false
mail_only,1,registration,1199,,,12,,,true,,,false
mail_only,12,registration,14388,7788,,12,,,true,6,99,false
mail_only,1,registration,1299,,,24,,,true,,,false
mail_only,12,registration,15588,8388,,24,,,true,6,99,false
mail_only,24,registration,31176,23976,,24,,,true,6,99,false
mail_only,1,registration,1399,,,36,,,true,,,false
mail_only,12,registration,16788,8988,,36,,,true,6,99,false
mail_only,36,registration,50364,42564,,36,,,true,6,99,false
microsoft-apps-for-business,1,prolongation,1599,,,1,,,true,,,false
microsoft-apps-for-business,12,prolongation,17988,13488,,12,,,true,3,99,false
microsoft-apps-for-business,1,registration,1599,,,1,,,true,,,false
microsoft-apps-for-business,12,registration,17988,,,12,,,true,,,false
microsoft-apps-for-business-parent,1,prolongation,0,,,1,,,true,,,false
microsoft-apps-for-business-parent,12,prolongation,0,,,12,,,true,,,false
microsoft-apps-for-business-parent,1,registration,0,,,1,,,true,,,false
microsoft-apps-for-business-parent,12,registration,0,,,12,,,true,,,false
microsoft-azure-information-protection-p1,1,prolongation,1249,,,1,,,true,,,false
microsoft-azure-information-protection-p1,12,prolongation,13788,,,12,,,true,,,false
microsoft-azure-information-protection-p1,1,registration,1249,,,1,,,true,,,false
microsoft-azure-information-protection-p1,12,registration,13788,,,12,,,true,,,false
microsoft-azure-information-protection-p1-parent,1,prolongation,0,,,1,,,true,,,false
microsoft-azure-information-protection-p1-parent,12,prolongation,0,,,12,,,true,,,false
microsoft-azure-information-protection-p1-parent,1,registration,0,,,1,,,true,,,false
microsoft-azure-information-protection-p1-parent,12,registration,0,,,12,,,true,,,false
microsoft-business-basic,1,prolongation,999,,,1,,,true,,,false
microsoft-business-basic,12,prolongation,10788,,,12,,,true,,,false
microsoft-business-basic,1,registration,999,,,1,,,true,,,false
microsoft-business-basic,12,registration,10788,8088,,12,,,true,3,99,false
microsoft-business-basic-parent,1,prolongation,0,,,1,,,true,,,false
microsoft-business-basic-parent,12,prolongation,0,,,12,,,true,,,false
microsoft-business-basic-parent,1,registration,0,,,1,,,true,,,false
microsoft-business-basic-parent,12,registration,0,,,12,,,true,,,false
microsoft-business-standard,1,prolongation,1799,,,1,,,true,,,false
microsoft-business-standard,12,prolongation,19188,,,12,,,true,,,false
microsoft-business-standard,1,registration,1799,,,1,,,true,,,false
microsoft-business-standard,12,registration,19188,14088,,12,,,true,3,99,false
microsoft-business-standard-parent,1,prolongation,0,,,1,,,true,,,false
microsoft-business-standard-parent,12,prolongation,0,,,12,,,true,,,false
microsoft-business-standard-parent,1,registration,0,,,1,,,true,,,false
microsoft-business-standard-parent,12,registration,0,,,12,,,true,,,false
microsoft-copilot-for-microsoft-365,12,prolongation,14388,,,12,,,true,,,false
microsoft-copilot-for-microsoft-365,12,registration,14388,,,12,,,true,,,false
microsoft-copilot-for-microsoft-365-parent,12,prolongation,0,,,12,,,true,,,false
microsoft-copilot-for-microsoft-365-parent,12,registration,0,,,12,,,true,,,false
microsoft-exchange-p1,1,prolongation,999,,,1,,,true,,,false
microsoft-exchange-p1,12,prolongation,9588,,,12,,,true,,,false
microsoft-exchange-p1,1,registration,999,,,1,,,true,,,false
microsoft-exchange-p1,12,registration,9588,,,12,,,true,,,false
microsoft-exchange-p1-parent,1,prolongation,0,,,1,,,true,,,false
microsoft-exchange-p1-parent,12,prolongation,0,,,12,,,true,,,false
microsoft-exchange-p1-parent,1,registration,0,,,1,,,true,,,false
microsoft-exchange-p1-parent,12,registration,0,,,12,,,true,,,false
microsoft-exchange-p2,1,prolongation,1299,,,1,,,true,,,false
microsoft-exchange-p2,12,prolongation,14388,,,12,,,true,,,false
microsoft-exchange-p2,1,registration,1299,,,1,,,true,,,false
microsoft-exchange-p2,12,registration,14388,,,12,,,true,,,false
microsoft-exchange-p2-parent,1,prolongation,0,,,1,,,true,,,false
microsoft-exchange-p2-parent,12,prolongation,0,,,12,,,true,,,false
microsoft-exchange-p2-parent,1,registration,0,,,1,,,true,,,false
microsoft-exchange-p2-parent,12,registration,0,,,12,,,true,,,false
microsoft-kiosk,1,prolongation,799,,,1,,,true,,,false
microsoft-kiosk,12,prolongation,7188,,,12,,,true,,,false
microsoft-kiosk,1,registration,799,,,1,,,true,,,false
microsoft-kiosk,12,registration,7188,,,12,,,true,,,false
microsoft-kiosk-parent,1,prolongation,0,,,1,,,true,,,false
microsoft-kiosk-parent,12,prolongation,0,,,12,,,true,,,false
microsoft-kiosk-parent,1,registration,0,,,1,,,true,,,false
microsoft-kiosk-parent,12,registration,0,,,12,,,true,,,false
microsoft-office365-e1,1,prolongation,1299,,,1,,,true,,,false
microsoft-office365-e1,12,prolongation,14388,,,12,,,true,,,false
microsoft-office365-e1,1,registration,1299,,,1,,,true,,,false
microsoft-office365-e1,12,registration,14388,,,12,,,true,,,false
microsoft-office365-e1-parent,1,prolongation,0,,,1,,,true,,,false
microsoft-office365-e1-parent,12,prolongation,0,,,12,,,true,,,false
microsoft-office365-e1-parent,1,registration,0,,,1,,,true,,,false
microsoft-office365-e1-parent,12,registration,0,,,12,,,true,,,false
microsoft-office365-e3,1,prolongation,2899,,,1,,,true,,,false
microsoft-office365-e3,12,prolongation,33588,,,12,,,true,,,false
microsoft-office365-e3,1,registration,2899,,,1,,,true,,,false
microsoft-office365-e3,12,registration,33588,,,12,,,true,,,false
microsoft-office365-e3-parent,1,prolongation,0,,,1,,,true,,,false
microsoft-office365-e3-parent,12,prolongation,0,,,12,,,true,,,false
microsoft-office365-e3-parent,1,registration,0,,,1,,,true,,,false
microsoft-office365-e3-parent,12,registration,0,,,12,,,true,,,false
microsoft-onedrive-p1,1,prolongation,899,,,1,,,true,,,false
microsoft-onedrive-p1,12,prolongation,10188,,,12,,,true,,,false
microsoft-onedrive-p1,1,registration,899,,,1,,,true,,,false
microsoft-onedrive-p1,12,registration,10188,,,12,,,true,,,false
microsoft-onedrive-p1-parent,1,prolongation,0,,,1,,,true,,,false
microsoft-onedrive-p1-parent,12,prolongation,0,,,12,,,true,,,false
microsoft-onedrive-p1-parent,1,registration,0,,,1,,,true,,,false
microsoft-onedrive-p1-parent,12,registration,0,,,12,,,true,,,false
microsoft-onedrive-p2,1,prolongation,1499,,,1,,,true,,,false
microsoft-onedrive-p2,12,prolongation,16788,,,12,,,true,,,false
microsoft-onedrive-p2,1,registration,1499,,,1,,,true,,,false
microsoft-onedrive-p2,12,registration,16788,,,12,,,true,,,false
microsoft-onedrive-p2-parent,1,prolongation,0,,,1,,,true,,,false
microsoft-onedrive-p2-parent,12,prolongation,0,,,12,,,true,,,false
microsoft-onedrive-p2-parent,1,registration,0,,,1,,,true,,,false
microsoft-onedrive-p2-parent,12,registration,0,,,12,,,true,,,false
microsoft-power-bi-pro,1,prolongation,1499,,,1,,,true,,,false
microsoft-power-bi-pro,12,prolongation,16788,,,12,,,true,,,false
microsoft-power-bi-pro,1,registration,1499,,,1,,,true,,,false
microsoft-power-bi-pro,12,registration,16788,,,12,,,true,,,false
microsoft-power-bi-pro-parent,1,prolongation,0,,,1,,,true,,,false
microsoft-power-bi-pro-parent,12,prolongation,0,,,12,,,true,,,false
microsoft-power-bi-pro-parent,1,registration,0,,,1,,,true,,,false
microsoft-power-bi-pro-parent,12,registration,0,,,12,,,true,,,false
microsoft-project-plan-3,1,prolongation,3499,,,1,,,true,,,false
microsoft-project-plan-3,12,prolongation,40788,,,12,,,true,,,false
microsoft-project-plan-3,1,registration,3499,,,1,,,true,,,false
microsoft-project-plan-3,12,registration,40788,,,12,,,true,,,false
microsoft-project-plan-3-parent,1,prolongation,0,,,1,,,true,,,false
microsoft-project-plan-3-parent,12,prolongation,0,,,12,,,true,,,false
microsoft-project-plan-3-parent,1,registration,0,,,1,,,true,,,false
microsoft-project-plan-3-parent,12,registration,0,,,12,,,true,,,false
microsoft-sharepoint-p1,1,prolongation,799,,,1,,,true,,,false
microsoft-sharepoint-p1,12,prolongation,8388,,,12,,,true,,,false
microsoft-sharepoint-p1,1,registration,799,,,1,,,true,,,false
microsoft-sharepoint-p1,12,registration,8388,,,12,,,true,,,false
microsoft-sharepoint-p1-parent,1,prolongation,0,,,1,,,true,,,false
microsoft-sharepoint-p1-parent,12,prolongation,0,,,12,,,true,,,false
microsoft-sharepoint-p1-parent,1,registration,0,,,1,,,true,,,false
microsoft-sharepoint-p1-parent,12,registration,0,,,12,,,true,,,false
microsoft-visio-p2,1,prolongation,1849,,,1,,,true,,,false
microsoft-visio-p2,12,prolongation,20988,,,12,,,true,,,false
microsoft-visio-p2,1,registration,1849,,,1,,,true,,,false
microsoft-visio-p2,12,registration,20988,,,12,,,true,,,false
microsoft-visio-p2-parent,1,prolongation,0,,,1,,,true,,,false
microsoft-visio-p2-parent,12,prolongation,0,,,12,,,true,,,false
microsoft-visio-p2-parent,1,registration,0,,,1,,,true,,,false
microsoft-visio-p2-parent,12,registration,0,,,12,,,true,,,false
premium-dns,1,prolongation,199,,,1,,,true,,,false
premium-dns,1,prolongation,199,,,12,,,true,,,false
premium-dns,12,prolongation,2388,,,12,,,true,,,false
premium-dns,1,prolongation,199,,,24,,,true,,,false
premium-dns,12,prolongation,2388,,,24,,,true,,,false
premium-dns,24,prolongation,4776,,,24,,,true,,,false
premium-dns,1,prolongation,199,,,36,,,true,,,false
premium-dns,12,prolongation,2388,,,36,,,true,,,false
premium-dns,36,prolongation,7164,,,36,,,true,,,false
premium-dns,1,registration,199,,,1,,,true,,,false
premium-dns,1,registration,199,,,12,,,true,,,false
premium-dns,12,registration,2388,,,12,,,true,,,false
premium-dns,1,registration,199,,,24,,,true,,,false
premium-dns,12,registration,2388,,,24,,,true,,,false
premium-dns,24,registration,4776,,,24,,,true,,,false
premium-dns,1,registration,199,,,36,,,true,,,false
premium-dns,12,registration,2388,,,36,,,true,,,false
premium-dns,36,registration,7164,,,36,,,true,,,false
provisioning-hosting,1,prolongation,1799,,,1,,,true,,,false
provisioning-hosting,1,prolongation,1899,,,12,,,true,,,false
provisioning-hosting,12,prolongation,22788,11988,,12,,,true,6,99,false
provisioning-hosting,1,prolongation,1999,,,24,,,true,,,false
provisioning-hosting,12,prolongation,23988,12588,,24,,,true,6,99,false
provisioning-hosting,24,prolongation,47976,36576,,24,,,true,6,99,false
provisioning-hosting,1,prolongation,2099,,,36,,,true,,,false
provisioning-hosting,12,prolongation,25188,13188,,36,,,true,6,99,false
provisioning-hosting,36,prolongation,75564,63564,,36,,,true,6,99,false
provisioning-hosting,1,registration,1799,,,1,,,true,,,false
provisioning-hosting,1,registration,1899,,,12,,,true,,,false
provisioning-hosting,12,registration,22788,11988,,12,,,true,6,99,false
provisioning-hosting,1,registration,1999,,,24,,,true,,,false
provisioning-hosting,12,registration,23988,12588,,24,,,true,6,99,false
provisioning-hosting,24,registration,47976,36576,,24,,,true,6,99,false
provisioning-hosting,1,registration,2099,,,36,,,true,,,false
provisioning-hosting,12,registration,25188,13188,,36,,,true,6,99,false
provisioning-hosting,36,registration,75564,63564,,36,,,true,6,99,false
provisioning-reseller-hosting-directadmin,1,prolongation,1799,,,1,,,true,,,false
provisioning-reseller-hosting-directadmin,1,prolongation,1899,,,12,,,true,,,false
provisioning-reseller-hosting-directadmin,12,prolongation,22788,11988,,12,,,true,6,99,false
provisioning-reseller-hosting-directadmin,1,prolongation,1999,,,24,,,true,,,false
provisioning-reseller-hosting-directadmin,12,prolongation,23988,12588,,24,,,true,6,99,false
provisioning-reseller-hosting-directadmin,24,prolongation,47976,36576,,24,,,true,6,99,false
provisioning-reseller-hosting-directadmin,1,prolongation,2099,,,36,,,true,,,false
provisioning-reseller-hosting-directadmin,12,prolongation,25188,13188,,36,,,true,6,99,false
provisioning-reseller-hosting-directadmin,36,prolongation,75564,63564,,36,,,true,6,99,false
provisioning-reseller-hosting-directadmin,1,registration,1799,,,1,,,true,,,false
provisioning-reseller-hosting-directadmin,1,registration,1899,,,12,,,true,,,false
provisioning-reseller-hosting-directadmin,12,registration,22788,11988,,12,,,true,6,99,false
provisioning-reseller-hosting-directadmin,1,registration,1999,,,24,,,true,,,false
provisioning-reseller-hosting-directadmin,12,registration,23988,12588,,24,,,true,6,99,false
provisioning-reseller-hosting-directadmin,24,registration,47976,36576,,24,,,true,6,99,false
provisioning-reseller-hosting-directadmin,1,registration,2099,,,36,,,true,,,false
provisioning-reseller-hosting-directadmin,12,registration,25188,13188,,36,,,true,6,99,false
provisioning-reseller-hosting-directadmin,36,registration,75564,63564,,36,,,true,6,99,false
provisioning-reseller-hosting-plesk,1,prolongation,1799,,,1,,,true,,,false
provisioning-reseller-hosting-plesk,1,prolongation,1899,,,12,,,true,,,false
provisioning-reseller-hosting-plesk,12,prolongation,22788,11988,,12,,,true,6,99,false
provisioning-reseller-hosting-plesk,1,prolongation,1999,,,24,,,true,,,false
provisioning-reseller-hosting-plesk,12,prolongation,23988,12588,,24,,,true,6,99,false
provisioning-reseller-hosting-plesk,24,prolongation,47976,36576,,24,,,true,6,99,false
provisioning-reseller-hosting-plesk,1,prolongation,2099,,,36,,,true,,,false
provisioning-reseller-hosting-plesk,12,prolongation,25188,13188,,36,,,true,6,99,false
provisioning-reseller-hosting-plesk,36,prolongation,75564,63564,,36,,,true,6,99,false
provisioning-reseller-hosting-plesk,1,registration,1799,,,1,,,true,,,false
provisioning-reseller-hosting-plesk,1,registration,1899,,,12,,,true,,,false
provisioning-reseller-hosting-plesk,12,registration,22788,11988,,12,,,true,6,99,false
provisioning-reseller-hosting-plesk,1,registration,1999,,,24,,,true,,,false
provisioning-reseller-hosting-plesk,12,registration,23988,12588,,24,,,true,6,99,false
provisioning-reseller-hosting-plesk,24,registration,47976,36576,,24,,,true,6,99,false
provisioning-reseller-hosting-plesk,1,registration,2099,,,36,,,true,,,false
provisioning-reseller-hosting-plesk,12,registration,25188,13188,,36,,,true,6,99,false
provisioning-reseller-hosting-plesk,36,registration,75564,63564,,36,,,true,6,99,false
redirect,1,prolongation,99,,,1,,,true,,,false
redirect,1,prolongation,99,,,12,,,true,,,false
redirect,12,prolongation,1188,,,12,,,true,,,false
redirect,1,prolongation,99,,,24,,,true,,,false
redirect,12,prolongation,1188,,,24,,,true,,,false
redirect,24,prolongation,2376,,,24,,,true,,,false
redirect,1,prolongation,99,,,36,,,true,,,false
redirect,12,prolongation,1188,,,36,,,true,,,false
redirect,36,prolongation,3564,,,36,,,true,,,false
redirect,1,registration,99,,,1,,,true,,,false
redirect,1,registration,99,,,12,,,true,,,false
redirect,12,registration,1188,,,12,,,true,,,false
redirect,1,registration,99,,,24,,,true,,,false
redirect,12,registration,1188,,,24,,,true,,,false
redirect,24,registration,2376,,,24,,,true,,,false
redirect,1,registration,99,,,36,,,true,,,false
redirect,12,registration,1188,,,36,,,true,,,false
redirect,36,registration,3564,,,36,,,true,,,false
reseller-discount_reseller_discount,12,prolongation,10000,,,12,,,true,,,false
reseller-discount_reseller_discount,12,registration,10000,,,12,,,true,,,true
reseller-hosting-gold,12,prolongation,10000,,,12,,,true,,,false
reseller-hosting-gold,12,registration,10000,,,12,,,true,,,false
reseller-hosting-silver,12,prolongation,7000,,,12,,,true,,,false
reseller-hosting-silver,12,registration,7000,,,12,,,true,,,false
service_plus,1,prolongation,999,,,1,,,true,,,false
service_plus,1,prolongation,999,,,12,,,true,,,false
service_plus,12,prolongation,11988,,,12,,,true,,,false
service_plus,1,prolongation,999,,,24,,,true,,,false
service_plus,12,prolongation,11988,,,24,,,true,,,false
service_plus,24,prolongation,23976,,,24,,,true,,,false
service_plus,1,prolongation,999,,,36,,,true,,,false
service_plus,12,prolongation,11988,,,36,,,true,,,false
service_plus,36,prolongation,35964,,,36,,,true,,,false
service_plus,1,registration,999,,,1,,,true,,,false
service_plus,1,registration,999,,,12,,,true,,,false
service_plus,12,registration,11988,,,12,,,true,,,false
service_plus,1,registration,999,,,24,,,true,,,false
service_plus,12,registration,11988,,,24,,,true,,,false
service_plus,24,registration,23976,,,24,,,true,,,false
service_plus,1,registration,999,,,36,,,true,,,false
service_plus,12,registration,11988,,,36,,,true,,,false
service_plus,36,registration,35964,,,36,,,true,,,false
sitebuilder,1,prolongation,799,,,1,,,true,,,false
sitebuilder,1,prolongation,899,,,12,,,true,,,false
sitebuilder,12,prolongation,10788,5988,,12,,,true,6,99,false
sitebuilder,1,prolongation,999,,,24,,,true,,,false
sitebuilder,12,prolongation,11988,6588,,24,,,true,6,99,false
sitebuilder,24,prolongation,23976,18576,,24,,,true,6,99,false
sitebuilder,1,prolongation,1099,,,36,,,true,,,false
sitebuilder,12,prolongation,13188,7188,,36,,,true,6,99,false
sitebuilder,36,prolongation,39564,33564,,36,,,true,6,99,false
sitebuilder,1,registration,799,,,1,,,true,,,false
sitebuilder,1,registration,899,,,12,,,true,,,false
sitebuilder,12,registration,10788,5988,,12,,,true,6,99,false
sitebuilder,1,registration,999,,,24,,,true,,,false
sitebuilder,12,registration,11988,6588,,24,,,true,6,99,false
sitebuilder,24,registration,23976,18576,,24,,,true,6,99,false
sitebuilder,1,registration,1099,,,36,,,true,,,false
sitebuilder,12,registration,13188,7188,,36,,,true,6,99,false
sitebuilder,36,registration,39564,33564,,36,,,true,6,99,false
ssl-certificaten_comodo_positivessl,1,prolongation,999,,,1,,,true,,,false
ssl-certificaten_comodo_positivessl,1,prolongation,1099,,,12,,,true,,,false
ssl-certificaten_comodo_positivessl,12,prolongation,13188,7188,,12,,,true,6,99,false
ssl-certificaten_comodo_positivessl,1,prolongation,1199,,,24,,,true,,,false
ssl-certificaten_comodo_positivessl,12,prolongation,14388,7788,,24,,,true,6,99,false
ssl-certificaten_comodo_positivessl,24,prolongation,28776,22176,,24,,,true,6,99,false
ssl-certificaten_comodo_positivessl,1,prolongation,1299,,,36,,,true,,,false
ssl-certificaten_comodo_positivessl,12,prolongation,15588,8388,,36,,,true,6,99,false
ssl-certificaten_comodo_positivessl,36,prolongation,46764,39564,,36,,,true,6,99,false
ssl-certificaten_comodo_positivessl,1,registration,999,,,1,,,true,,,false
ssl-certificaten_comodo_positivessl,1,registration,1099,,,12,,,true,,,false
ssl-certificaten_comodo_positivessl,12,registration,13188,7188,,12,,,true,6,99,false
ssl-certificaten_comodo_positivessl,1,registration,1199,,,24,,,true,,,false
ssl-certificaten_comodo_positivessl,12,registration,14388,7788,,24,,,true,6,99,false
ssl-certificaten_comodo_positivessl,24,registration,28776,22176,,24,,,true,6,99,false
ssl-certificaten_comodo_positivessl,1,registration,1299,,,36,,,true,,,false
ssl-certificaten_comodo_positivessl,12,registration,15588,8388,,36,,,true,6,99,false
ssl-certificaten_comodo_positivessl,36,registration,46764,39564,,36,,,true,6,99,false
ssl_extended_validation,1,prolongation,1399,,,1,,,true,,,false
ssl_extended_validation,1,prolongation,1499,,,12,,,true,,,false
ssl_extended_validation,12,prolongation,17988,9588,,12,,,true,6,99,false
ssl_extended_validation,1,prolongation,1599,,,24,,,true,,,false
ssl_extended_validation,12,prolongation,19188,10188,,24,,,true,6,99,false
ssl_extended_validation,24,prolongation,38376,29376,,24,,,true,6,99,false
ssl_extended_validation,1,prolongation,1699,,,36,,,true,,,false
ssl_extended_validation,12,prolongation,20388,10788,,36,,,true,6,99,false
ssl_extended_validation,36,prolongation,61164,51564,,36,,,true,6,99,false
ssl_extended_validation,1,registration,1399,,,1,,,true,,,false
ssl_extended_validation,1,registration,1499,,,12,,,true,,,false
ssl_extended_validation,12,registration,17988,9588,,12,,,true,6,99,false
ssl_extended_validation,1,registration,1599,,,24,,,true,,,false
ssl_extended_validation,12,registration,19188,10188,,24,,,true,6,99,false
ssl_extended_validation,24,registration,38376,29376,,24,,,true,6,99,false
ssl_extended_validation,1,registration,1699,,,36,,,true,,,false
ssl_extended_validation,12,registration,20388,10788,,36,,,true,6,99,false
ssl_extended_validation,36,registration,61164,51564,,36,,,true,6,99,false
ssl_placeholder,12,prolongation,1699,,,12,,,true,,,false
ssl_placeholder,12,registration,799,,,12,,,true,,,true
ssl_single_domain,1,prolongation,199,,,1,,,true,,,false
ssl_single_domain,1,prolongation,299,,,12,,,true,,,false
ssl_single_domain,12,prolongation,3588,2388,,12,,,true,6,99,false
ssl_single_domain,1,prolongation,399,,,24,,,true,,,false
ssl_single_domain,12,prolongation,4788,2988,,24,,,true,6,99,false
ssl_single_domain,24,prolongation,9576,7776,,24,,,true,6,99,false
ssl_single_domain,1,prolongation,499,,,36,,,true,,,false
ssl_single_domain,12,prolongation,5988,3588,,36,,,true,6,99,false
ssl_single_domain,36,prolongation,17964,15564,,36,,,true,6,99,false
ssl_single_domain,1,registration,199,,,1,,,true,,,false
ssl_single_domain,1,registration,299,,,12,,,true,,,false
ssl_single_domain,12,registration,3588,2388,,12,,,true,6,99,false
ssl_single_domain,1,registration,399,,,24,,,true,,,false
ssl_single_domain,12,registration,4788,2988,,24,,,true,6,99,false
ssl_single_domain,24,registration,9576,7776,,24,,,true,6,99,false
ssl_single_domain,1,registration,499,,,36,,,true,,,false
ssl_single_domain,12,registration,5988,3588,,36,,,true,6,99,false
ssl_single_domain,36,registration,17964,15564,,36,,,true,6,99,false
ssl_wildcard,1,prolongation,599,,,1,,,true,,,false
ssl_wildcard,1,prolongation,699,,,12,,,true,,,false
ssl_wildcard,12,prolongation,8388,4788,,12,,,true,6,99,false
ssl_wildcard,1,prolongation,799,,,24,,,true,,,false
ssl_wildcard,12,prolongation,9588,5388,,24,,,true,6,99,false
ssl_wildcard,24,prolongation,19176,14976,,24,,,true,6,99,false
ssl_wildcard,1,prolongation,899,,,36,,,true,,,false
ssl_wildcard,12,prolongation,10788,5988,,36,,,true,6,99,false
ssl_wildcard,36,prolongation,32364,27564,,36,,,true,6,99,false
ssl_wildcard,1,registration,599,,,1,,,true,,,false
ssl_wildcard,1,registration,699,,,12,,,true,,,false
ssl_wildcard,12,registration,8388,4788,,12,,,true,6,99,false
ssl_wildcard,1,registration,799,,,24,,,true,,,false
ssl_wildcard,12,registration,9588,5388,,24,,,true,6,99,false
ssl_wildcard,24,registration,19176,14976,,24,,,true,6,99,false
ssl_wildcard,1,registration,899,,,36,,,true,,,false
ssl_wildcard,12,registration,10788,5988,,36,,,true,6,99,false
ssl_wildcard,36,registration,32364,27564,,36,,,true,6,99,false
technical-delay-hosting,1,prolongation,2299,,,1,,,true,,,false
technical-delay-hosting,1,prolongation,2399,,,12,,,true,,,false
technical-delay-hosting,12,prolongation,28788,14988,,12,,,true,6,99,false
technical-delay-hosting,1,prolongation,2499,,,24,,,true,,,false
technical-delay-hosting,12,prolongation,29988,15588,,24,,,true,6,99,false
technical-delay-hosting,24,prolongation,59976,45576,,24,,,true,6,99,false
technical-delay-hosting,1,prolongation,2599,,,36,,,true,,,false
technical-delay-hosting,12,prolongation,31188,16188,,36,,,true,6,99,false
technical-delay-hosting,36,prolongation,93564,78564,,36,,,true,6,99,false
technical-delay-hosting,1,registration,2299,,,1,,,true,,,false
technical-delay-hosting,1,registration,2399,,,12,,,true,,,false
technical-delay-hosting,12,registration,28788,14988,,12,,,true,6,99,false
technical-delay-hosting,1,registration,2499,,,24,,,true,,,false
technical-delay-hosting,12,registration,29988,15588,,24,,,true,6,99,false
technical-delay-hosting,24,registration,59976,45576,,24,,,true,6,99,false
technical-delay-hosting,1,registration,2599,,,36,,,true,,,false
technical-delay-hosting,12,registration,31188,16188,,36,,,true,6,99,false
technical-delay-hosting,36,registration,93564,78564,,36,,,true,6,99,false
transfer_service,1,registration,7500,,,1,,,true,,,true
ubuntu-24-04-ssh,1,prolongation,0,,,1,,,true,,,false
ubuntu-24-04-ssh,1,registration,0,,,1,,,true,,,false
ubuntu-24.04,1,prolongation,0,,,1,,,true,,,false
ubuntu-24.04,1,registration,0,,,1,,,true,,,false
volume-discount-brons,1,prolongation,20000,,,1,,,true,,,false
volume-discount-brons,1,registration,20000,,,1,,,true,,,true
vps-cloud-10,1,prolongation,5999,,,1,,,true,,,false
vps-cloud-10,1,registration,5999,,,1,,,true,,,false
vps-cloud-2,1,prolongation,1999,,,1,,,true,,,false
vps-cloud-2,1,registration,1999,,,1,,,true,,,false
vps-cloud-20,1,prolongation,11999,,,1,,,true,,,false
vps-cloud-20,1,registration,11999,,,1,,,true,,,false
vps-cloud-5,1,prolongation,2999,,,1,,,true,,,false
vps-cloud-5,1,registration,2999,,,1,,,true,,,false
webmasterservice_eenmalig_wordpress_updaten,1,prolongation,10000,,,1,,,true,,,false
webmasterservice_eenmalig_wordpress_updaten,1,prolongation,1899,,,12,,,true,,,false
webmasterservice_eenmalig_wordpress_updaten,12,prolongation,22788,11988,,12,,,true,6,99,false
webmasterservice_eenmalig_wordpress_updaten,1,prolongation,1999,,,24,,,true,,,false
webmasterservice_eenmalig_wordpress_updaten,12,prolongation,23988,12588,,24,,,true,6,99,false
webmasterservice_eenmalig_wordpress_updaten,24,prolongation,47976,36576,,24,,,true,6,99,false
webmasterservice_eenmalig_wordpress_updaten,1,prolongation,2099,,,36,,,true,,,false
webmasterservice_eenmalig_wordpress_updaten,12,prolongation,25188,13188,,36,,,true,6,99,false
webmasterservice_eenmalig_wordpress_updaten,36,prolongation,75564,63564,,36,,,true,6,99,false
webmasterservice_eenmalig_wordpress_updaten,1,registration,10000,,,1,,,true,,,false
webmasterservice_eenmalig_wordpress_updaten,1,registration,1899,,,12,,,true,,,false
webmasterservice_eenmalig_wordpress_updaten,12,registration,22788,11988,,12,,,true,6,99,false
webmasterservice_eenmalig_wordpress_updaten,1,registration,1999,,,24,,,true,,,false
webmasterservice_eenmalig_wordpress_updaten,12,registration,23988,12588,,24,,,true,6,99,false
webmasterservice_eenmalig_wordpress_updaten,24,registration,47976,36576,,24,,,true,6,99,false
webmasterservice_eenmalig_wordpress_updaten,1,registration,2099,,,36,,,true,,,false
webmasterservice_eenmalig_wordpress_updaten,12,registration,25188,13188,,36,,,true,6,99,false
webmasterservice_eenmalig_wordpress_updaten,36,registration,75564,63564,,36,,,true,6,99,false
webmasterservice_wp_install,1,registration,7000,,,1,,,true,,,true
webshop_start,1,prolongation,1499,,,1,,,true,,,false
webshop_start,1,prolongation,2899,,,12,,,true,,,false
webshop_start,12,prolongation,34788,17988,,12,,,true,6,99,false
webshop_start,1,prolongation,2999,,,24,,,true,,,false
webshop_start,12,prolongation,35988,18588,,24,,,true,6,99,false
webshop_start,24,prolongation,71976,54576,,24,,,true,6,99,false
webshop_start,1,prolongation,3099,,,36,,,true,,,false
webshop_start,12,prolongation,37188,19188,,36,,,true,6,99,false
webshop_start,36,prolongation,111564,93564,,36,,,true,6,99,false
webshop_start,1,registration,1499,99,,1,,,true,,,false
webshop_start,1,registration,2899,,,12,,,true,,,false
webshop_start,12,registration,34788,17988,,12,,,true,6,99,false
webshop_start,1,registration,2999,,,24,,,true,,,false
webshop_start,12,registration,35988,18588,,24,,,true,6,99,false
webshop_start,24,registration,71976,54576,,24,,,true,6,99,false
webshop_start,1,registration,3099,,,36,,,true,,,false
webshop_start,12,registration,37188,19188,,36,,,true,6,99,false
webshop_start,36,registration,111564,93564,,36,,,true,6,99,false
windows,1,prolongation,0,,,1,,,true,,,false
windows,1,registration,0,,,1,,,true,,,false
